MutationType	WT_UNT_A	WT_5FU_A	MTH1_UNT_A	MTH1_5FU_A	MUTYH_UNT_A	MUTYH_5FU_A	WT_UNT_B	WT_5FU_B	MTH123_NUDT5_UNT_B	MTH123_NUDT5_5FU_B	MUTYH_UNT_B	MUTYH_5FU_B	MUTYH_OGG1_UNT_B	MUTYH_OGG1_5FU_B	WT_highO2	MTH123NUDT5_highO2
A[C>A]A	20.666666666666668	20.333333333333332	20.666666666666668	16.75	73.0	42.75	29.0	58.75	21.0	27.25	80.0	37.25	129.66666666666666	210.25	45.0	36.333333333333336
A[C>A]C	5.666666666666667	5.0	4.666666666666667	5.5	19.333333333333332	14.25	8.0	11.75	3.3333333333333335	4.0	33.0	11.0	38.333333333333336	68.75	11.333333333333334	8.666666666666666
A[C>A]G	2.0	1.5	2.3333333333333335	1.75	3.6666666666666665	2.5	2.0	4.25	1.0	0.5	6.333333333333333	2.75	14.666666666666666	18.75	4.666666666666667	1.6666666666666667
A[C>A]T	9.0	7.833333333333333	13.333333333333334	7.75	44.666666666666664	29.5	13.5	32.5	5.666666666666667	9.5	46.666666666666664	22.25	73.33333333333333	102.25	18.0	13.333333333333334
A[C>G]A	2.6666666666666665	3.0	1.6666666666666667	2.0	4.333333333333333	3.25	2.5	1.75	3.0	1.5	3.0	1.75	4.333333333333333	1.75	3.6666666666666665	3.6666666666666665
A[C>G]C	2.6666666666666665	2.1666666666666665	2.0	2.0	3.0	2.25	1.5	1.0	2.0	0.75	2.0	1.25	3.0	2.25	3.0	1.6666666666666667
A[C>G]G	1.6666666666666667	0.3333333333333333	0.3333333333333333	0.5	2.0	1.0	0.5	0.25	0.3333333333333333	0.5	0.3333333333333333	0.25	0.0	0.75	0.6666666666666666	1.3333333333333333
A[C>G]T	2.3333333333333335	4.833333333333333	4.333333333333333	3.5	3.3333333333333335	3.5	3.0	0.5	3.3333333333333335	1.5	1.3333333333333333	1.25	4.0	1.75	3.6666666666666665	5.333333333333333
A[C>T]A	6.0	6.166666666666667	5.0	4.5	7.666666666666667	7.0	6.5	2.0	3.6666666666666665	4.25	6.0	2.5	3.6666666666666665	3.5	5.666666666666667	4.666666666666667
A[C>T]C	3.6666666666666665	1.8333333333333333	3.3333333333333335	0.5	3.3333333333333335	3.25	3.0	1.5	3.0	2.0	3.0	1.25	1.6666666666666667	1.0	6.0	3.6666666666666665
A[C>T]G	2.6666666666666665	2.8333333333333335	2.6666666666666665	2.5	2.3333333333333335	3.25	2.5	0.25	2.6666666666666665	2.75	1.6666666666666667	0.75	2.0	2.25	1.3333333333333333	3.0
A[C>T]T	4.0	5.166666666666667	5.333333333333333	3.5	7.0	4.5	4.5	2.5	3.6666666666666665	3.0	3.3333333333333335	2.0	5.0	1.5	5.666666666666667	5.333333333333333
A[T>A]A	0.6666666666666666	1.8333333333333333	1.3333333333333333	0.75	2.0	3.0	3.0	2.0	1.3333333333333333	3.25	3.6666666666666665	1.0	2.3333333333333335	1.75	4.666666666666667	3.0
A[T>A]C	1.0	0.6666666666666666	0.6666666666666666	1.0	2.0	2.0	0.0	0.0	1.3333333333333333	0.5	1.3333333333333333	1.0	0.3333333333333333	0.5	3.0	1.6666666666666667
A[T>A]G	0.3333333333333333	1.0	1.0	0.5	2.6666666666666665	1.25	2.0	0.5	1.0	0.75	1.3333333333333333	1.0	1.6666666666666667	2.25	3.6666666666666665	4.0
A[T>A]T	3.6666666666666665	3.0	1.3333333333333333	1.5	3.6666666666666665	3.25	2.5	1.25	5.333333333333333	2.0	3.3333333333333335	2.25	4.333333333333333	4.25	3.3333333333333335	5.0
A[T>C]A	1.3333333333333333	4.166666666666667	3.3333333333333335	2.75	3.0	3.5	3.5	1.75	3.3333333333333335	0.75	2.6666666666666665	2.25	4.666666666666667	3.0	3.3333333333333335	4.666666666666667
A[T>C]C	0.6666666666666666	1.3333333333333333	1.3333333333333333	1.5	2.3333333333333335	2.5	1.5	0.5	3.0	1.0	1.6666666666666667	1.5	2.0	1.75	2.3333333333333335	3.0
A[T>C]G	3.6666666666666665	1.5	1.6666666666666667	2.25	5.0	2.75	2.0	2.0	4.666666666666667	1.5	3.3333333333333335	1.25	1.0	1.25	4.666666666666667	3.6666666666666665
A[T>C]T	1.6666666666666667	3.1666666666666665	3.6666666666666665	3.0	4.666666666666667	4.25	3.0	2.25	2.3333333333333335	2.0	3.3333333333333335	1.75	3.6666666666666665	3.5	3.6666666666666665	3.6666666666666665
A[T>G]A	2.0	0.8333333333333334	0.6666666666666666	0.75	1.6666666666666667	1.0	0.5	0.25	1.3333333333333333	1.5	2.6666666666666665	0.75	0.6666666666666666	0.5	1.6666666666666667	3.0
A[T>G]C	1.0	1.5	1.3333333333333333	1.25	1.0	1.5	1.0	0.5	1.0	1.0	1.0	1.75	0.3333333333333333	1.0	1.6666666666666667	1.0
A[T>G]G	2.3333333333333335	1.6666666666666667	2.0	0.5	2.0	1.25	1.0	0.25	2.0	1.75	0.6666666666666666	0.0	2.0	1.25	4.0	3.6666666666666665
A[T>G]T	4.0	10.833333333333334	4.666666666666667	10.5	2.6666666666666665	17.25	2.5	3.5	2.6666666666666665	5.75	1.3333333333333333	11.25	2.6666666666666665	7.5	4.333333333333333	3.0
C[C>A]A	22.333333333333332	16.333333333333332	15.666666666666666	10.75	60.0	39.25	14.0	11.25	13.333333333333334	9.25	45.0	23.0	70.33333333333333	52.25	34.333333333333336	23.333333333333332
C[C>A]C	5.0	5.5	7.0	5.25	25.666666666666668	20.5	2.0	4.25	6.0	4.5	21.0	7.25	29.666666666666668	18.0	8.333333333333334	7.666666666666667
C[C>A]G	2.0	1.8333333333333333	3.0	2.75	9.666666666666666	6.5	2.5	1.25	2.0	2.0	5.333333333333333	3.25	10.0	6.5	4.666666666666667	2.6666666666666665
C[C>A]T	13.0	13.166666666666666	12.666666666666666	6.5	55.0	33.5	6.5	7.25	12.333333333333334	7.5	45.666666666666664	18.0	56.0	41.25	16.666666666666668	16.333333333333332
C[C>G]A	2.3333333333333335	2.6666666666666665	2.3333333333333335	1.25	2.3333333333333335	1.75	2.0	0.5	2.0	0.75	2.3333333333333335	0.0	0.6666666666666666	1.5	3.0	3.0
C[C>G]C	1.6666666666666667	0.8333333333333334	1.6666666666666667	1.5	1.0	3.25	1.5	0.5	1.3333333333333333	1.5	1.6666666666666667	1.25	2.6666666666666665	1.75	2.3333333333333335	1.6666666666666667
C[C>G]G	0.3333333333333333	0.0	0.0	0.0	0.6666666666666666	0.0	0.5	0.0	0.6666666666666666	0.5	0.6666666666666666	0.25	0.0	0.25	0.3333333333333333	0.3333333333333333
C[C>G]T	3.0	2.5	1.0	1.75	1.6666666666666667	2.25	1.0	1.0	1.0	1.25	2.6666666666666665	0.75	1.0	1.25	2.6666666666666665	4.333333333333333
C[C>T]A	4.0	5.166666666666667	2.3333333333333335	2.0	3.6666666666666665	4.5	6.0	1.5	5.0	3.5	3.3333333333333335	1.75	4.333333333333333	1.25	4.0	3.6666666666666665
C[C>T]C	4.333333333333333	4.5	3.3333333333333335	1.25	3.3333333333333335	4.25	0.5	1.5	3.3333333333333335	2.0	3.3333333333333335	2.0	2.0	2.5	8.0	5.333333333333333
C[C>T]G	1.0	1.6666666666666667	0.6666666666666666	0.75	1.6666666666666667	1.5	1.5	0.5	2.3333333333333335	2.0	0.0	1.25	1.0	0.5	2.0	3.0
C[C>T]T	3.3333333333333335	3.0	3.6666666666666665	4.0	4.0	5.25	4.0	0.75	3.3333333333333335	4.25	4.0	3.25	2.3333333333333335	2.0	3.3333333333333335	5.0
C[T>A]A	1.0	1.8333333333333333	1.0	0.75	1.6666666666666667	2.25	3.0	1.0	1.0	0.75	2.0	0.5	3.0	1.5	3.6666666666666665	2.0
C[T>A]C	2.0	4.833333333333333	1.0	6.25	2.6666666666666665	8.25	1.5	1.25	1.0	3.0	1.6666666666666667	5.0	1.0	4.5	4.0	3.3333333333333335
C[T>A]G	1.6666666666666667	2.5	1.6666666666666667	1.25	1.6666666666666667	2.75	2.0	0.0	2.3333333333333335	1.0	3.6666666666666665	2.25	2.0	1.25	4.0	0.3333333333333333
C[T>A]T	0.3333333333333333	5.333333333333333	3.3333333333333335	6.5	2.0	10.0	3.0	0.75	1.3333333333333333	4.75	0.6666666666666666	6.5	2.3333333333333335	4.75	2.3333333333333335	3.0
C[T>C]A	1.0	3.8333333333333335	1.3333333333333333	5.0	2.0	5.75	3.0	0.25	3.0	3.0	2.3333333333333335	3.75	1.6666666666666667	5.5	1.0	4.0
C[T>C]C	2.3333333333333335	9.0	1.3333333333333333	15.0	1.3333333333333333	14.75	3.0	2.0	2.3333333333333335	5.0	2.0	11.25	2.3333333333333335	13.5	3.3333333333333335	4.333333333333333
C[T>C]G	1.6666666666666667	5.833333333333333	3.6666666666666665	6.75	2.3333333333333335	9.0	4.0	1.5	2.3333333333333335	2.5	2.6666666666666665	4.75	1.6666666666666667	9.75	4.333333333333333	4.0
C[T>C]T	3.0	15.0	3.6666666666666665	20.5	3.0	22.25	6.0	4.5	5.0	7.25	5.0	18.25	3.0	21.75	5.333333333333333	4.0
C[T>G]A	0.0	2.1666666666666665	0.6666666666666666	3.0	0.3333333333333333	2.5	1.0	0.75	0.3333333333333333	1.25	0.3333333333333333	2.5	0.6666666666666666	1.75	2.6666666666666665	0.6666666666666666
C[T>G]C	1.3333333333333333	6.5	1.3333333333333333	14.5	1.3333333333333333	20.25	0.0	2.75	1.3333333333333333	4.75	1.6666666666666667	10.0	1.0	5.25	2.0	1.6666666666666667
C[T>G]G	1.6666666666666667	4.0	1.6666666666666667	4.75	1.0	9.25	3.0	0.75	2.0	1.75	3.0	5.0	1.0	3.5	4.333333333333333	2.0
C[T>G]T	3.3333333333333335	44.0	4.333333333333333	68.25	4.0	106.5	9.5	14.5	4.0	27.25	5.0	44.25	3.0	37.5	4.0	4.0
G[C>A]A	29.0	36.5	25.0	19.25	72.0	45.0	18.5	13.75	24.666666666666668	16.0	60.333333333333336	20.75	106.33333333333333	79.25	45.0	44.0
G[C>A]C	8.0	9.666666666666666	8.666666666666666	3.0	25.666666666666668	15.75	6.0	4.0	4.666666666666667	5.5	17.0	5.5	36.333333333333336	23.0	8.333333333333334	13.0
G[C>A]G	2.3333333333333335	1.6666666666666667	4.0	0.5	3.3333333333333335	3.25	1.0	0.25	0.6666666666666666	1.75	2.3333333333333335	1.25	9.333333333333334	7.25	2.0	3.3333333333333335
G[C>A]T	19.666666666666668	26.666666666666668	23.0	14.5	65.33333333333333	42.5	21.5	11.0	12.0	11.75	43.333333333333336	18.25	86.33333333333333	53.5	37.333333333333336	35.333333333333336
G[C>G]A	1.6666666666666667	2.0	0.6666666666666666	0.75	1.6666666666666667	1.25	2.5	0.25	0.3333333333333333	0.25	1.6666666666666667	1.5	0.3333333333333333	1.25	2.0	1.3333333333333333
G[C>G]C	1.3333333333333333	1.5	1.3333333333333333	0.5	0.6666666666666666	1.0	0.0	0.25	2.6666666666666665	1.5	1.3333333333333333	0.75	1.3333333333333333	1.0	2.0	2.6666666666666665
G[C>G]G	0.6666666666666666	0.16666666666666666	0.0	0.0	0.0	0.0	0.0	0.0	0.0	0.0	0.3333333333333333	0.25	1.6666666666666667	0.25	0.0	0.3333333333333333
G[C>G]T	3.0	1.6666666666666667	2.6666666666666665	2.25	2.0	1.25	2.5	0.5	2.0	1.0	1.0	1.5	1.3333333333333333	1.25	0.6666666666666666	2.3333333333333335
G[C>T]A	6.0	4.166666666666667	5.333333333333333	2.0	6.666666666666667	3.75	3.0	0.5	2.6666666666666665	1.75	3.6666666666666665	2.25	3.6666666666666665	2.25	6.666666666666667	7.666666666666667
G[C>T]C	1.6666666666666667	3.5	4.0	2.25	2.3333333333333335	3.0	1.5	0.75	2.3333333333333335	1.5	1.6666666666666667	1.75	2.6666666666666665	1.5	5.666666666666667	3.6666666666666665
G[C>T]G	3.6666666666666665	2.0	2.3333333333333335	2.5	1.3333333333333333	2.5	1.0	1.25	3.0	2.5	2.3333333333333335	2.0	2.0	2.0	2.6666666666666665	5.0
G[C>T]T	4.666666666666667	4.166666666666667	2.3333333333333335	1.75	2.3333333333333335	3.0	3.5	0.5	2.3333333333333335	1.75	2.6666666666666665	2.5	4.333333333333333	1.25	5.0	4.666666666666667
G[T>A]A	1.0	0.6666666666666666	0.3333333333333333	0.5	0.6666666666666666	0.75	1.0	0.25	0.6666666666666666	1.0	0.3333333333333333	0.5	0.6666666666666666	1.25	1.3333333333333333	1.3333333333333333
G[T>A]C	0.6666666666666666	0.8333333333333334	0.3333333333333333	2.5	1.3333333333333333	2.5	0.0	0.25	1.3333333333333333	1.25	0.6666666666666666	1.0	1.3333333333333333	1.75	1.6666666666666667	3.0
G[T>A]G	0.3333333333333333	1.8333333333333333	0.3333333333333333	0.75	0.6666666666666666	0.75	1.0	0.25	0.3333333333333333	0.5	1.3333333333333333	1.0	1.0	0.5	0.3333333333333333	3.0
G[T>A]T	1.0	1.1666666666666667	0.6666666666666666	2.25	2.6666666666666665	5.0	2.5	0.75	1.0	2.0	0.6666666666666666	2.0	2.3333333333333335	1.0	2.0	1.0
G[T>C]A	2.0	1.5	1.6666666666666667	2.5	1.6666666666666667	1.5	1.0	1.0	1.6666666666666667	1.25	2.0	2.75	2.0	1.0	2.6666666666666665	1.0
G[T>C]C	0.3333333333333333	2.8333333333333335	1.0	2.75	2.6666666666666665	2.5	0.5	1.75	0.6666666666666666	1.25	1.0	2.0	2.3333333333333335	1.0	0.6666666666666666	2.3333333333333335
G[T>C]G	1.3333333333333333	3.8333333333333335	2.0	2.75	1.6666666666666667	4.25	2.0	1.25	0.0	0.75	2.6666666666666665	1.5	3.0	2.75	1.3333333333333333	3.0
G[T>C]T	2.3333333333333335	2.3333333333333335	3.0	2.5	2.0	5.5	4.5	1.0	2.6666666666666665	1.75	1.6666666666666667	3.25	2.3333333333333335	3.5	2.6666666666666665	1.3333333333333333
G[T>G]A	0.3333333333333333	0.3333333333333333	0.0	0.75	0.6666666666666666	0.75	2.0	0.5	1.3333333333333333	0.5	1.3333333333333333	0.25	0.6666666666666666	0.5	1.0	0.3333333333333333
G[T>G]C	0.3333333333333333	1.0	0.0	4.0	0.6666666666666666	3.75	0.5	0.25	0.3333333333333333	0.5	0.3333333333333333	1.25	0.0	1.75	1.3333333333333333	1.0
G[T>G]G	1.6666666666666667	2.1666666666666665	1.0	1.25	1.6666666666666667	2.75	0.5	0.5	2.0	0.0	0.6666666666666666	1.25	1.0	1.25	2.3333333333333335	3.0
G[T>G]T	1.3333333333333333	15.5	0.3333333333333333	17.0	0.6666666666666666	28.0	1.0	4.75	0.6666666666666666	7.0	3.0	15.5	2.3333333333333335	14.0	2.6666666666666665	2.6666666666666665
T[C>A]A	18.0	19.333333333333332	11.333333333333334	12.5	93.0	63.25	20.0	16.5	17.333333333333332	11.5	63.666666666666664	32.0	80.0	70.5	31.0	25.0
T[C>A]C	12.333333333333334	15.833333333333334	10.333333333333334	4.0	66.0	39.5	10.5	11.5	7.666666666666667	5.25	33.0	20.25	47.666666666666664	46.75	16.0	13.666666666666666
T[C>A]G	3.0	2.6666666666666665	1.3333333333333333	1.5	11.666666666666666	6.0	1.5	1.75	1.3333333333333333	0.5	7.333333333333333	1.75	7.333333333333333	4.75	4.0	2.6666666666666665
T[C>A]T	34.666666666666664	34.833333333333336	28.0	17.25	122.66666666666667	80.75	23.0	25.0	20.333333333333332	14.25	93.66666666666667	37.0	104.0	89.25	42.0	43.333333333333336
T[C>G]A	3.0	2.5	1.6666666666666667	2.0	4.666666666666667	2.25	0.5	0.75	2.0	0.5	3.0	2.25	1.6666666666666667	2.5	5.333333333333333	4.0
T[C>G]C	1.6666666666666667	3.5	2.3333333333333335	2.0	2.6666666666666665	3.25	1.5	1.0	2.3333333333333335	1.25	2.6666666666666665	0.75	2.0	0.25	3.6666666666666665	3.0
T[C>G]G	0.0	0.6666666666666666	0.6666666666666666	0.5	1.0	0.25	1.0	0.25	0.0	0.25	0.3333333333333333	0.25	0.0	0.25	0.3333333333333333	0.0
T[C>G]T	4.0	8.0	3.6666666666666665	4.0	5.333333333333333	7.0	4.0	2.75	5.0	4.25	3.6666666666666665	3.5	3.0	4.75	7.333333333333333	6.666666666666667
T[C>T]A	4.666666666666667	3.5	2.6666666666666665	3.25	7.0	5.25	4.5	1.5	4.333333333333333	2.25	4.666666666666667	2.0	5.333333333333333	4.0	5.0	8.333333333333334
T[C>T]C	5.666666666666667	5.0	3.3333333333333335	4.75	7.0	4.0	3.5	2.0	3.0	2.75	4.666666666666667	1.5	4.0	2.25	6.333333333333333	6.333333333333333
T[C>T]G	1.3333333333333333	1.1666666666666667	0.6666666666666666	1.0	0.6666666666666666	3.0	2.0	1.25	0.6666666666666666	1.0	1.6666666666666667	0.25	1.0	0.5	2.3333333333333335	1.6666666666666667
T[C>T]T	4.0	4.0	2.6666666666666665	4.0	4.333333333333333	6.25	2.5	1.75	6.333333333333333	5.0	4.0	2.75	4.0	4.0	6.333333333333333	7.0
T[T>A]A	3.3333333333333335	2.1666666666666665	1.6666666666666667	4.0	4.333333333333333	6.25	5.5	0.75	3.3333333333333335	3.0	5.333333333333333	3.75	4.666666666666667	4.25	6.333333333333333	7.666666666666667
T[T>A]C	1.3333333333333333	1.8333333333333333	1.3333333333333333	1.5	2.3333333333333335	1.5	2.0	0.25	2.6666666666666665	1.0	1.6666666666666667	0.75	2.3333333333333335	1.75	3.0	3.3333333333333335
T[T>A]G	0.6666666666666666	0.5	1.0	0.5	1.3333333333333333	1.75	1.5	0.5	0.6666666666666666	1.25	1.3333333333333333	0.75	1.6666666666666667	0.75	2.6666666666666665	3.0
T[T>A]T	2.6666666666666665	4.666666666666667	5.0	2.75	3.3333333333333335	5.5	5.5	3.0	2.6666666666666665	3.75	4.666666666666667	2.25	3.3333333333333335	3.25	7.333333333333333	4.333333333333333
T[T>C]A	1.3333333333333333	2.1666666666666665	2.6666666666666665	3.0	4.333333333333333	2.5	1.0	1.5	3.3333333333333335	1.5	3.6666666666666665	1.5	2.6666666666666665	2.75	6.666666666666667	6.333333333333333
T[T>C]C	2.0	2.8333333333333335	2.6666666666666665	2.75	0.3333333333333333	4.75	1.5	1.25	2.0	2.0	3.0	2.0	0.6666666666666666	1.75	3.0	2.6666666666666665
T[T>C]G	2.3333333333333335	2.0	1.3333333333333333	2.0	1.6666666666666667	2.25	1.5	0.75	2.6666666666666665	2.25	5.0	0.75	3.6666666666666665	2.5	6.333333333333333	6.666666666666667
T[T>C]T	3.3333333333333335	4.333333333333333	2.3333333333333335	1.75	3.6666666666666665	3.75	2.0	2.0	3.3333333333333335	3.25	3.0	4.0	5.333333333333333	3.0	6.0	6.0
T[T>G]A	3.3333333333333335	0.8333333333333334	1.6666666666666667	2.0	2.6666666666666665	2.0	1.0	1.0	1.3333333333333333	1.25	2.0	0.75	1.6666666666666667	2.0	3.0	2.0
T[T>G]C	1.3333333333333333	1.1666666666666667	1.3333333333333333	1.0	2.6666666666666665	3.5	1.0	0.75	1.3333333333333333	0.75	2.6666666666666665	1.75	3.0	0.5	2.6666666666666665	3.3333333333333335
T[T>G]G	1.3333333333333333	2.8333333333333335	0.6666666666666666	2.75	1.0	2.25	1.5	1.75	1.6666666666666667	1.5	2.3333333333333335	0.75	2.3333333333333335	1.75	4.0	5.0
T[T>G]T	4.666666666666667	10.0	4.0	10.75	6.666666666666667	17.25	5.5	1.75	5.666666666666667	8.25	4.333333333333333	15.75	6.333333333333333	11.0	4.333333333333333	6.333333333333333
