MutationType	DCTPP1	DCTD	TAS_10um	5FdUr_1000nm	5FdUr_100nm	5FdUr_10nm	5FdUr_1nm	5FdUr_1nM_TAS_10uM	5FdUr_01nm_TAS_10um	5FdUr_001nm_TAS_10um	UNT	dUR_10000um
A[C>A]A	16.0	14.0	8.25	23.75	17.5	40.5	8.25	9.5	10.75	12.75	14.5	7.25
A[C>A]C	3.75	4.333333333333333	2.5	6.75	5.75	8.5	4.25	2.5	3.5	2.5	2.0	2.5
A[C>A]G	1.25	1.0	1.25	1.0	0.25	1.5	0.5	0.25	0.5	0.75	0.75	0.25
A[C>A]T	9.0	9.0	5.25	15.0	9.25	16.75	4.25	4.25	4.25	3.75	4.0	2.75
A[C>G]A	4.5	2.6666666666666665	1.75	4.25	2.75	3.0	2.75	2.0	1.5	1.0	1.25	0.75
A[C>G]C	1.75	3.0	2.25	2.75	2.0	2.75	1.0	1.25	1.75	1.5	2.25	0.75
A[C>G]G	0.75	1.0	0.0	0.5	0.5	0.75	0.5	0.75	0.25	0.75	0.0	0.25
A[C>G]T	11.25	10.333333333333334	1.5	12.0	5.25	5.75	2.5	1.75	1.5	2.25	2.0	5.0
A[C>T]A	8.75	7.333333333333333	3.75	5.0	5.0	4.5	4.0	3.5	4.5	4.0	4.0	4.0
A[C>T]C	4.25	2.3333333333333335	2.25	4.25	2.75	2.25	2.25	1.5	2.0	2.25	2.25	1.25
A[C>T]G	3.25	3.6666666666666665	3.0	1.75	2.0	1.75	1.75	0.75	2.0	1.25	1.0	1.25
A[C>T]T	7.0	4.666666666666667	4.0	4.5	4.5	5.25	3.75	2.0	3.25	3.25	2.0	2.0
A[T>A]A	1.25	1.0	3.0	4.25	2.0	1.5	2.25	1.0	2.0	1.25	1.5	1.5
A[T>A]C	2.25	1.0	2.5	7.75	1.25	1.75	0.75	1.0	1.0	2.0	1.0	1.0
A[T>A]G	1.0	1.3333333333333333	0.75	1.5	1.75	1.75	0.5	1.5	1.0	0.5	1.0	0.5
A[T>A]T	4.5	5.0	7.25	35.0	4.5	4.5	2.75	3.5	4.75	3.75	2.0	2.0
A[T>C]A	5.25	8.666666666666666	4.0	4.75	2.0	3.25	2.75	5.0	6.25	4.5	3.75	2.0
A[T>C]C	2.5	3.6666666666666665	4.5	14.5	3.25	3.25	1.5	2.5	4.25	4.25	2.0	0.5
A[T>C]G	5.5	3.0	4.75	7.0	1.75	2.75	2.25	4.0	1.75	3.0	1.25	1.25
A[T>C]T	4.25	4.333333333333333	4.0	26.0	3.75	5.5	3.5	5.5	5.0	6.5	1.75	2.0
A[T>G]A	2.0	0.3333333333333333	2.25	3.0	2.5	2.25	1.0	1.75	1.75	2.0	0.5	0.5
A[T>G]C	1.0	1.6666666666666667	3.25	30.0	2.25	3.75	0.75	1.5	1.25	1.75	0.25	0.75
A[T>G]G	1.5	1.3333333333333333	1.25	6.0	1.25	2.5	0.5	0.75	2.5	1.5	2.0	0.5
A[T>G]T	3.25	4.0	34.25	306.5	24.0	40.75	11.5	23.75	24.25	20.75	1.25	0.75
C[C>A]A	14.75	12.0	14.75	12.5	8.5	11.75	9.25	9.0	8.5	6.0	7.0	5.5
C[C>A]C	4.0	3.6666666666666665	4.25	4.75	3.5	5.0	3.25	3.75	3.25	3.0	4.5	0.75
C[C>A]G	1.0	2.3333333333333335	1.5	1.0	1.0	1.25	1.25	1.25	0.5	0.75	2.25	1.0
C[C>A]T	12.75	5.666666666666667	5.75	12.5	8.0	6.75	6.5	6.0	6.25	4.75	6.0	4.5
C[C>G]A	3.5	1.0	1.75	2.75	1.75	2.5	1.0	1.0	2.25	1.75	0.75	0.5
C[C>G]C	2.0	2.3333333333333335	1.0	0.75	2.25	2.0	1.75	0.75	1.25	1.0	0.75	0.25
C[C>G]G	0.75	0.6666666666666666	0.5	1.0	0.5	0.25	0.0	0.0	0.25	0.25	0.5	0.0
C[C>G]T	2.75	1.6666666666666667	2.0	4.25	1.25	4.25	2.0	1.25	2.25	1.5	2.75	1.25
C[C>T]A	7.0	3.6666666666666665	4.25	5.5	3.0	6.75	3.0	3.0	4.5	3.0	3.25	1.25
C[C>T]C	7.0	5.0	3.0	4.5	2.75	4.25	2.0	1.25	2.75	1.75	2.5	2.0
C[C>T]G	2.5	1.6666666666666667	1.5	1.25	1.25	2.75	3.0	1.0	1.0	0.75	1.5	1.0
C[C>T]T	4.75	4.333333333333333	2.0	5.25	3.5	4.25	2.75	3.0	3.0	3.5	3.25	2.5
C[T>A]A	1.0	0.3333333333333333	1.5	17.25	3.25	3.25	0.0	0.75	1.25	4.0	1.0	0.25
C[T>A]C	2.5	1.6666666666666667	9.75	420.75	37.25	15.5	3.25	9.25	7.75	8.5	1.75	0.75
C[T>A]G	2.0	1.0	6.5	68.75	9.0	4.75	1.5	4.0	2.75	2.75	1.25	0.25
C[T>A]T	2.5	2.3333333333333335	33.25	495.25	40.0	14.5	4.25	25.75	27.75	28.75	1.75	1.0
C[T>C]A	2.25	2.6666666666666665	7.0	103.75	8.5	8.25	3.0	6.25	7.25	4.75	1.5	0.5
C[T>C]C	4.0	4.666666666666667	39.25	1142.0	93.25	34.25	11.5	35.5	32.75	20.0	1.0	0.75
C[T>C]G	4.5	5.333333333333333	25.5	350.0	25.75	18.75	8.0	26.0	18.5	16.25	2.25	2.75
C[T>C]T	5.25	4.666666666666667	151.0	1486.5	121.25	46.5	24.5	113.75	126.75	102.25	2.75	2.0
C[T>G]A	1.25	1.3333333333333333	1.5	56.25	7.25	12.25	2.5	2.0	1.25	1.75	0.75	0.0
C[T>G]C	1.25	2.0	8.5	490.75	55.75	54.25	6.5	11.0	5.0	10.0	0.75	0.75
C[T>G]G	3.25	3.0	5.25	147.5	15.75	20.0	5.25	5.25	5.75	3.75	1.5	1.0
C[T>G]T	5.75	10.666666666666666	189.5	2368.25	253.75	197.5	56.75	151.25	147.25	141.75	3.5	0.75
G[C>A]A	19.75	13.0	17.5	21.75	14.25	18.75	11.5	12.5	15.5	12.0	11.0	13.0
G[C>A]C	3.75	4.0	5.5	6.75	3.5	4.25	3.5	5.5	3.0	3.25	2.75	3.25
G[C>A]G	1.25	1.0	1.75	2.25	0.75	1.5	1.25	1.0	2.25	1.5	1.25	1.25
G[C>A]T	16.25	11.666666666666666	12.0	18.0	10.25	12.75	9.5	11.25	12.5	10.5	9.5	8.0
G[C>G]A	1.5	2.0	1.5	1.25	1.5	1.5	1.25	1.25	1.5	1.0	0.75	1.25
G[C>G]C	1.75	1.6666666666666667	1.25	4.75	3.0	3.75	0.5	0.75	0.5	1.0	0.5	0.25
G[C>G]G	0.25	0.3333333333333333	0.25	0.0	0.0	0.25	0.5	0.0	0.75	0.0	0.0	0.0
G[C>G]T	3.5	3.0	0.5	4.5	1.5	1.0	2.25	0.75	0.75	1.5	1.25	1.5
G[C>T]A	5.5	6.0	3.75	5.0	5.0	4.75	2.75	2.0	3.0	2.0	1.5	2.25
G[C>T]C	3.5	4.333333333333333	1.75	3.5	2.5	2.0	2.0	1.75	3.0	1.75	0.75	1.0
G[C>T]G	3.25	6.333333333333333	1.25	2.75	1.75	1.25	1.0	0.75	0.75	1.25	1.75	1.0
G[C>T]T	5.0	5.333333333333333	1.75	4.25	3.0	4.5	2.25	2.5	2.25	2.5	3.0	3.5
G[T>A]A	1.75	1.6666666666666667	1.0	4.75	1.5	1.5	1.0	0.25	0.75	0.0	0.5	0.5
G[T>A]C	1.75	0.6666666666666666	4.5	62.25	6.0	4.5	0.5	2.5	4.75	1.5	1.5	0.0
G[T>A]G	0.25	1.3333333333333333	1.25	15.0	2.25	2.5	0.75	0.25	1.25	1.75	1.25	0.25
G[T>A]T	1.25	0.0	11.0	99.75	13.0	3.0	3.0	10.5	7.75	7.25	0.75	0.25
G[T>C]A	2.5	3.6666666666666665	2.5	19.0	3.0	3.75	2.75	2.25	2.75	2.0	2.0	1.0
G[T>C]C	3.0	11.0	13.25	144.0	11.5	8.75	1.75	6.0	7.0	6.25	1.25	0.75
G[T>C]G	1.5	2.6666666666666665	6.0	80.25	5.75	7.5	3.75	6.75	4.75	3.75	0.25	0.5
G[T>C]T	3.75	4.0	18.5	145.5	12.25	6.0	4.0	11.75	12.25	13.5	1.25	0.5
G[T>G]A	0.75	1.3333333333333333	0.75	12.75	0.75	3.5	0.75	0.25	0.5	0.0	0.5	0.5
G[T>G]C	1.0	1.3333333333333333	2.75	84.0	7.75	8.5	0.75	3.0	2.0	2.75	0.5	0.25
G[T>G]G	1.5	3.0	3.75	38.0	5.25	6.25	1.0	1.0	0.75	1.75	0.5	0.0
G[T>G]T	3.5	13.0	56.0	676.5	66.25	60.25	11.75	44.75	42.25	35.25	1.0	0.75
T[C>A]A	11.25	14.333333333333334	12.0	14.25	10.75	16.25	8.0	5.75	11.25	8.0	9.25	7.75
T[C>A]C	8.5	5.333333333333333	4.0	8.5	5.0	7.75	3.5	4.25	6.0	4.25	6.5	3.75
T[C>A]G	1.0	1.0	1.5	1.25	1.5	1.25	1.0	1.0	1.0	1.25	1.25	1.25
T[C>A]T	23.0	22.333333333333332	15.25	25.75	15.0	17.0	14.25	14.75	14.75	12.75	13.5	13.0
T[C>G]A	3.0	4.0	1.75	7.0	4.25	4.25	1.5	0.5	1.5	2.5	1.0	1.0
T[C>G]C	2.5	3.3333333333333335	1.5	4.5	2.0	2.75	1.0	2.5	2.75	2.75	1.25	1.0
T[C>G]G	0.25	0.6666666666666666	0.75	0.75	0.0	1.0	0.0	0.0	0.5	0.75	0.0	0.5
T[C>G]T	7.5	8.333333333333334	4.0	16.5	8.5	10.0	3.0	2.25	4.5	5.0	3.0	1.5
T[C>T]A	7.25	5.333333333333333	4.0	9.75	3.75	7.25	3.75	2.25	4.75	3.75	5.5	3.0
T[C>T]C	5.25	8.0	2.5	7.0	4.25	3.0	1.25	2.0	3.25	3.25	3.25	2.25
T[C>T]G	1.25	1.3333333333333333	1.0	1.5	3.75	1.5	2.0	1.0	1.75	1.0	0.5	0.25
T[C>T]T	5.5	6.333333333333333	3.75	13.0	7.0	7.5	3.75	3.25	5.0	3.0	5.25	2.5
T[T>A]A	4.0	4.0	4.25	12.75	3.5	4.25	3.25	2.0	4.0	4.25	1.75	2.25
T[T>A]C	1.25	1.6666666666666667	4.0	6.5	3.25	3.0	2.0	3.25	2.5	2.5	0.25	1.5
T[T>A]G	1.5	1.3333333333333333	2.25	3.25	0.75	1.75	0.25	1.5	2.0	1.25	0.5	0.5
T[T>A]T	2.5	4.0	12.5	24.5	6.0	5.75	4.0	7.75	11.0	8.25	2.0	1.5
T[T>C]A	4.0	6.0	6.0	4.25	4.25	4.0	2.75	5.75	6.75	4.0	1.5	2.0
T[T>C]C	2.25	11.666666666666666	9.5	14.75	4.5	6.0	3.5	5.25	7.0	6.0	0.5	0.75
T[T>C]G	2.25	1.6666666666666667	5.5	3.75	2.5	5.0	1.75	4.5	5.0	4.25	2.75	1.25
T[T>C]T	5.5	4.0	18.0	33.25	6.0	7.0	3.25	12.75	11.5	13.25	3.25	0.25
T[T>G]A	0.75	4.333333333333333	1.5	6.0	1.75	2.25	1.75	1.75	1.75	1.75	1.25	0.25
T[T>G]C	1.25	2.3333333333333335	5.5	16.25	1.5	6.0	1.75	3.0	2.0	4.25	1.0	1.75
T[T>G]G	3.0	4.666666666666667	2.5	6.25	2.25	5.25	3.5	3.5	4.0	2.5	2.0	1.0
T[T>G]T	3.0	8.0	48.75	232.25	18.75	39.0	16.25	43.25	44.0	38.75	3.75	2.0
