MutationType	WT_UNT	WT_TAS_10uM	REV7_TAS_10uM	REV3_TAS_10uM	REV1_dC_TAS_10uM	REV1_DEGG_TAS_10uM	PolI_TAS_10uM	polH_TAS_10uM	polK_TAS_10uM	PCNA_TAS_10uM	REV1_TAS_10uM
A[C>A]A	35.75	27.428571428571427	3.0	11.0	8.75	27.5	19.25	118.0	61.5	28.0	30.0
A[C>A]C	9.5	8.285714285714286	0.5	1.5	2.0	8.0	4.0	13.0	15.0	4.666666666666667	11.0
A[C>A]G	1.5	1.5714285714285714	0.25	0.5	0.75	3.25	0.5	2.5	3.5	0.3333333333333333	1.0
A[C>A]T	15.75	14.0	1.0	3.75	6.5	15.75	10.0	30.25	30.25	11.0	13.0
A[C>G]A	4.0	5.714285714285714	0.25	0.75	1.5	7.75	2.0	11.5	6.0	2.0	1.0
A[C>G]C	5.0	4.571428571428571	0.5	0.0	1.25	2.0	1.5	3.5	3.75	1.0	0.0
A[C>G]G	2.0	2.0	0.0	0.0	0.5	1.0	1.0	1.25	1.0	0.3333333333333333	0.0
A[C>G]T	5.5	7.142857142857143	1.0	0.0	0.5	3.75	3.75	5.75	6.25	1.6666666666666667	2.0
A[C>T]A	10.0	10.571428571428571	2.75	1.75	3.75	6.75	5.5	11.5	14.25	4.333333333333333	11.0
A[C>T]C	6.25	4.857142857142857	1.25	1.0	4.5	3.5	4.5	4.25	4.75	1.6666666666666667	3.0
A[C>T]G	4.25	3.0	2.5	2.5	0.75	4.25	2.0	2.75	3.5	2.0	11.0
A[C>T]T	6.25	9.571428571428571	1.5	0.5	4.0	9.5	3.75	8.0	13.25	2.0	7.0
A[T>A]A	6.5	4.571428571428571	1.25	0.0	1.5	3.5	3.0	10.0	8.75	2.0	1.0
A[T>A]C	2.25	2.2857142857142856	0.0	0.0	0.25	2.25	1.25	1.75	4.25	0.6666666666666666	1.0
A[T>A]G	1.25	2.5714285714285716	0.25	0.0	0.75	3.0	0.5	4.5	2.75	1.0	1.0
A[T>A]T	4.25	8.571428571428571	1.5	1.25	3.25	11.75	5.5	8.25	14.0	2.0	7.0
A[T>C]A	6.75	9.571428571428571	2.25	2.0	4.25	7.0	6.25	7.25	9.75	1.6666666666666667	2.0
A[T>C]C	3.5	5.285714285714286	2.0	1.0	4.25	3.75	5.25	0.5	7.25	1.0	1.0
A[T>C]G	7.25	8.428571428571429	2.25	3.0	6.0	4.0	5.5	9.75	7.5	2.0	2.0
A[T>C]T	7.75	11.142857142857142	1.5	0.75	2.5	10.5	7.0	7.75	19.75	1.0	1.0
A[T>G]A	2.25	2.7142857142857144	0.0	0.5	0.5	1.5	1.75	3.75	4.5	1.0	0.0
A[T>G]C	2.25	2.4285714285714284	0.0	0.0	0.25	0.5	3.0	2.25	3.75	0.0	1.0
A[T>G]G	3.0	4.714285714285714	0.75	0.0	1.5	1.25	2.75	3.25	3.75	1.0	0.0
A[T>G]T	4.5	16.571428571428573	0.5	0.25	0.25	2.0	22.5	14.25	41.0	1.3333333333333333	2.0
C[C>A]A	25.25	25.142857142857142	1.5	11.75	11.0	26.25	16.5	93.25	29.0	32.666666666666664	25.0
C[C>A]C	8.25	9.285714285714286	0.5	3.25	3.0	10.0	8.0	11.5	11.5	8.0	5.0
C[C>A]G	4.0	3.4285714285714284	0.25	2.5	1.75	3.5	2.25	4.75	4.5	2.6666666666666665	5.0
C[C>A]T	20.25	17.857142857142858	0.5	10.25	8.75	22.75	10.75	22.0	19.0	13.666666666666666	13.0
C[C>G]A	2.0	4.142857142857143	0.0	0.25	0.0	3.25	2.0	3.75	2.5	1.0	2.0
C[C>G]C	2.25	1.8571428571428572	0.0	0.0	1.0	3.0	0.0	1.5	3.75	2.0	0.0
C[C>G]G	1.25	1.1428571428571428	0.0	0.25	0.0	1.0	0.5	0.5	1.0	0.0	0.0
C[C>G]T	1.5	4.428571428571429	0.25	0.0	0.0	2.75	3.75	4.0	3.0	0.6666666666666666	1.0
C[C>T]A	7.25	7.0	1.5	1.5	4.25	7.75	6.75	8.25	8.25	5.0	5.0
C[C>T]C	5.0	4.857142857142857	1.5	2.25	5.25	5.0	7.0	6.0	9.0	3.3333333333333335	2.0
C[C>T]G	2.75	2.4285714285714284	3.0	0.75	3.0	2.5	2.5	2.25	2.25	3.3333333333333335	5.0
C[C>T]T	7.5	9.0	1.75	0.5	4.5	9.0	5.75	6.25	7.75	5.0	4.0
C[T>A]A	1.25	2.7142857142857144	0.25	0.0	0.5	2.75	1.0	14.25	7.5	1.6666666666666667	3.0
C[T>A]C	3.5	7.571428571428571	0.0	0.0	1.0	8.75	7.0	8.0	20.0	3.6666666666666665	0.0
C[T>A]G	2.0	5.571428571428571	0.0	0.0	0.5	6.25	4.75	4.0	8.75	1.3333333333333333	2.0
C[T>A]T	3.25	25.428571428571427	1.0	0.0	1.5	52.5	32.25	23.0	70.0	5.666666666666667	6.0
C[T>C]A	4.25	7.142857142857143	1.0	1.0	1.75	6.5	5.0	5.0	9.0	0.0	1.0
C[T>C]C	3.0	22.0	1.0	0.75	3.25	29.25	31.5	18.0	41.75	3.0	6.0
C[T>C]G	4.25	14.0	2.25	1.25	5.0	22.25	20.25	16.0	28.0	3.0	1.0
C[T>C]T	5.25	89.71428571428571	1.5	1.25	10.5	212.5	121.0	93.75	176.75	15.0	20.0
C[T>G]A	1.75	2.2857142857142856	0.5	0.25	0.5	0.75	2.25	4.5	3.75	0.6666666666666666	0.0
C[T>G]C	3.0	6.571428571428571	0.5	0.25	0.75	1.75	8.5	4.5	14.25	0.6666666666666666	1.0
C[T>G]G	3.75	6.142857142857143	0.25	0.5	1.75	2.5	6.25	4.5	9.75	0.3333333333333333	2.0
C[T>G]T	4.5	100.14285714285714	0.5	0.0	1.25	6.25	179.25	87.75	227.25	6.666666666666667	2.0
G[C>A]A	46.75	41.0	3.5	23.5	19.0	37.0	29.5	84.5	49.5	45.333333333333336	50.0
G[C>A]C	13.5	13.571428571428571	0.5	2.5	3.5	14.5	8.0	10.5	16.0	8.0	12.0
G[C>A]G	2.25	4.714285714285714	0.25	0.5	1.0	3.5	2.5	4.5	4.5	1.0	1.0
G[C>A]T	47.25	37.857142857142854	2.75	17.0	13.0	35.5	20.25	39.0	41.0	31.333333333333332	37.0
G[C>G]A	1.5	4.285714285714286	0.25	0.0	0.25	4.75	2.25	4.0	4.25	0.6666666666666666	1.0
G[C>G]C	1.25	2.142857142857143	0.5	0.0	1.0	6.0	1.5	1.75	4.5	0.3333333333333333	2.0
G[C>G]G	0.75	0.7142857142857143	0.0	0.0	0.0	1.75	1.25	0.5	1.0	0.0	0.0
G[C>G]T	2.5	3.4285714285714284	0.0	0.0	0.0	3.0	0.25	2.5	4.25	0.0	1.0
G[C>T]A	6.5	6.142857142857143	1.25	2.0	4.75	7.25	3.0	8.75	7.0	2.6666666666666665	9.0
G[C>T]C	5.5	5.0	1.5	0.75	1.75	1.75	3.0	5.75	5.75	1.3333333333333333	7.0
G[C>T]G	2.25	3.2857142857142856	3.25	2.25	2.5	5.25	3.25	3.25	5.75	2.3333333333333335	5.0
G[C>T]T	5.0	6.428571428571429	0.75	1.75	1.25	6.0	5.0	7.0	6.0	2.6666666666666665	6.0
G[T>A]A	2.0	1.1428571428571428	0.25	0.0	0.25	1.5	1.5	5.75	3.75	1.0	1.0
G[T>A]C	1.25	2.7142857142857144	0.0	0.0	0.25	2.25	3.0	2.0	7.25	0.3333333333333333	1.0
G[T>A]G	1.75	2.4285714285714284	0.25	0.25	1.0	2.0	1.0	2.5	3.0	0.6666666666666666	2.0
G[T>A]T	1.25	9.714285714285714	0.0	0.0	0.0	18.5	10.25	5.75	26.25	2.6666666666666665	0.0
G[T>C]A	1.0	3.857142857142857	1.0	0.75	2.75	2.5	4.0	5.25	7.0	0.0	0.0
G[T>C]C	1.25	8.0	0.75	1.25	2.0	8.75	7.5	4.75	11.75	1.3333333333333333	0.0
G[T>C]G	6.25	7.857142857142857	0.75	1.25	2.75	4.5	8.75	7.25	12.0	2.0	1.0
G[T>C]T	1.75	13.428571428571429	1.75	1.0	1.5	29.75	14.0	11.5	27.25	1.6666666666666667	7.0
G[T>G]A	1.25	1.0	0.5	0.0	0.25	0.25	1.25	0.5	3.0	0.3333333333333333	1.0
G[T>G]C	0.0	1.5714285714285714	0.0	0.0	0.0	2.25	2.5	2.25	3.5	0.3333333333333333	2.0
G[T>G]G	2.0	3.0	0.0	0.0	0.0	2.0	1.5	1.75	6.0	0.3333333333333333	0.0
G[T>G]T	2.75	27.142857142857142	0.5	0.5	0.5	7.5	46.0	24.25	62.5	4.333333333333333	1.0
T[C>A]A	30.25	23.571428571428573	2.0	10.0	7.25	31.25	19.0	138.5	31.25	25.0	14.0
T[C>A]C	16.5	16.0	0.75	5.5	5.0	15.5	12.25	17.5	21.5	9.333333333333334	19.0
T[C>A]G	6.0	2.4285714285714284	0.0	1.25	1.0	3.25	1.75	4.5	5.0	2.6666666666666665	6.0
T[C>A]T	55.5	50.0	5.75	21.75	20.5	43.75	26.75	60.25	50.25	27.0	50.0
T[C>G]A	4.0	3.5714285714285716	0.25	0.0	0.5	3.5	3.0	8.25	5.0	2.0	0.0
T[C>G]C	3.25	5.142857142857143	0.25	0.25	0.0	2.25	2.75	4.5	7.0	1.6666666666666667	1.0
T[C>G]G	1.5	0.42857142857142855	0.0	0.0	0.25	0.75	0.5	1.25	1.75	0.3333333333333333	0.0
T[C>G]T	7.5	7.428571428571429	0.25	0.25	1.0	3.25	6.75	8.75	9.25	0.6666666666666666	2.0
T[C>T]A	8.75	9.714285714285714	2.25	0.5	3.0	5.5	6.25	22.5	13.0	7.0	6.0
T[C>T]C	7.0	5.571428571428571	1.75	1.5	4.75	5.25	5.5	11.5	8.25	4.666666666666667	9.0
T[C>T]G	2.0	2.4285714285714284	2.0	1.5	1.0	0.75	1.5	2.5	3.5	1.6666666666666667	2.0
T[C>T]T	9.5	9.571428571428571	1.0	1.5	5.0	10.0	4.75	11.75	11.0	3.6666666666666665	4.0
T[T>A]A	7.0	10.428571428571429	3.25	2.25	5.75	5.25	4.25	73.0	20.25	11.333333333333334	6.0
T[T>A]C	2.0	4.428571428571429	0.0	0.25	0.5	5.25	2.75	6.5	8.0	2.0	3.0
T[T>A]G	3.5	3.857142857142857	0.25	0.75	0.75	2.75	2.5	16.0	4.75	2.6666666666666665	0.0
T[T>A]T	6.5	11.857142857142858	1.75	0.5	3.25	16.0	11.25	28.0	36.5	6.333333333333333	8.0
T[T>C]A	7.25	13.428571428571429	1.0	1.0	3.75	8.0	8.5	37.25	16.25	3.3333333333333335	4.0
T[T>C]C	6.0	11.142857142857142	2.75	1.5	5.0	7.0	9.5	13.0	12.75	2.3333333333333335	1.0
T[T>C]G	9.75	9.714285714285714	1.25	1.75	3.25	7.5	6.5	27.75	13.0	3.0	3.0
T[T>C]T	7.5	14.142857142857142	0.5	0.75	5.25	22.25	11.5	29.0	33.5	3.3333333333333335	8.0
T[T>G]A	2.5	6.571428571428571	0.75	0.0	0.25	1.75	3.0	6.75	9.0	1.0	0.0
T[T>G]C	1.5	4.285714285714286	0.5	0.25	0.25	2.75	3.0	5.5	10.5	0.3333333333333333	1.0
T[T>G]G	6.5	7.0	0.75	0.5	0.75	4.0	3.5	6.0	8.0	2.3333333333333335	0.0
T[T>G]T	12.75	29.571428571428573	0.0	1.0	2.25	6.75	40.0	28.0	64.25	2.0	0.0
