MutationType	WT_UNT	WT_5FdUr	WT_TAS	UNG_UNT	UNG_5FdUr	UNG_TAS	SMUG1_UNT	SMUG1_5FdUr	SMUG1_TAS	UNG_SMUG1_UNT	UNG_SMUG1_5FdUr	UNG_SMUG1_TAS
A[C>A]A	35.75	32.5	32.75	28.75	35.666666666666664	28.25	31.75	54.25	36.5	34.75	34.75	18.75
A[C>A]C	9.5	10.25	8.25	7.0	6.666666666666667	5.5	5.5	10.0	8.25	7.25	12.5	8.25
A[C>A]G	1.5	2.75	2.5	1.75	1.3333333333333333	2.0	2.25	3.25	2.5	1.25	1.75	1.5
A[C>A]T	15.75	14.5	17.75	10.0	12.666666666666666	13.0	13.5	16.5	12.75	19.25	19.25	9.0
A[C>G]A	4.0	5.25	9.0	4.25	2.3333333333333335	2.0	3.25	9.75	7.75	5.25	7.5	2.75
A[C>G]C	5.0	5.5	2.0	1.5	3.0	1.75	2.25	4.25	3.75	3.5	3.75	1.0
A[C>G]G	2.0	2.5	1.75	0.5	0.0	0.75	0.75	1.0	1.25	1.0	0.75	0.0
A[C>G]T	5.5	8.75	7.0	2.0	2.0	2.25	6.0	9.5	4.5	5.25	7.0	1.75
A[C>T]A	10.0	9.0	13.0	35.5	33.0	34.5	9.5	10.5	8.0	109.25	94.25	90.0
A[C>T]C	6.25	5.75	4.75	11.0	13.333333333333334	11.25	5.25	6.0	5.5	27.5	23.5	17.0
A[C>T]G	4.25	3.25	3.0	4.5	2.3333333333333335	4.75	3.5	3.0	2.5	8.75	5.5	4.5
A[C>T]T	6.25	7.5	13.25	9.25	10.333333333333334	12.5	9.0	7.75	8.25	15.5	17.25	7.75
A[T>A]A	6.5	4.5	2.75	1.0	4.666666666666667	3.75	1.5	6.25	4.5	3.0	2.5	2.5
A[T>A]C	2.25	2.5	3.75	2.25	1.6666666666666667	1.5	2.25	4.5	2.75	0.75	2.25	1.0
A[T>A]G	1.25	3.0	3.5	1.5	2.6666666666666665	2.5	2.75	3.0	5.5	2.25	3.0	1.0
A[T>A]T	4.25	12.5	10.0	4.25	3.6666666666666665	8.25	4.5	16.0	15.25	4.0	9.0	3.75
A[T>C]A	6.75	8.0	13.0	6.5	5.333333333333333	11.0	5.25	8.5	13.75	6.0	8.5	5.5
A[T>C]C	3.5	5.0	7.5	2.75	3.0	4.25	3.0	8.0	8.75	2.75	5.0	2.0
A[T>C]G	7.25	7.75	13.5	7.25	6.666666666666667	12.0	10.75	9.0	8.0	4.5	10.0	3.75
A[T>C]T	7.75	12.0	11.75	4.5	3.3333333333333335	6.75	5.25	11.5	13.25	6.0	4.75	4.0
A[T>G]A	2.25	4.75	3.5	1.25	3.3333333333333335	3.5	1.25	4.75	7.75	4.0	4.5	2.75
A[T>G]C	2.25	10.0	5.0	1.0	3.6666666666666665	5.25	1.75	18.5	8.5	0.75	1.75	1.5
A[T>G]G	3.0	7.0	6.5	3.0	1.3333333333333333	4.25	4.75	6.75	5.25	2.25	2.75	2.0
A[T>G]T	4.5	92.0	56.25	3.25	10.0	20.5	5.75	153.0	82.5	3.0	5.25	5.25
C[C>A]A	25.25	22.75	27.0	17.0	19.333333333333332	19.75	20.5	22.0	35.5	30.75	26.5	19.25
C[C>A]C	8.25	8.25	10.5	6.5	6.0	5.75	5.5	6.75	8.25	9.75	9.75	7.25
C[C>A]G	4.0	1.25	3.0	3.25	2.6666666666666665	2.0	5.0	1.5	4.5	3.75	3.5	2.0
C[C>A]T	20.25	18.5	16.75	12.0	13.666666666666666	14.5	15.0	18.5	24.5	20.5	18.0	15.5
C[C>G]A	2.0	4.25	2.5	1.75	1.0	1.5	2.25	4.5	4.25	1.25	1.75	1.0
C[C>G]C	2.25	2.75	2.5	1.25	1.0	1.25	1.5	4.0	4.0	1.25	1.25	2.25
C[C>G]G	1.25	0.75	0.25	0.25	0.3333333333333333	0.5	0.5	0.25	1.75	0.0	0.5	0.25
C[C>G]T	1.5	4.75	4.25	1.75	1.0	2.5	4.0	5.75	4.5	2.75	2.5	0.75
C[C>T]A	7.25	6.5	11.5	26.0	21.333333333333332	24.5	6.75	7.25	7.5	55.0	43.5	36.75
C[C>T]C	5.0	5.75	6.25	16.25	11.333333333333334	14.5	2.75	5.25	6.5	24.75	26.5	22.25
C[C>T]G	2.75	3.5	3.5	3.5	3.0	4.75	5.5	6.75	2.75	3.5	5.25	2.0
C[C>T]T	7.5	6.5	7.5	14.0	9.333333333333334	14.0	6.25	7.0	8.75	15.5	19.5	14.0
C[T>A]A	1.25	7.25	3.25	2.75	2.6666666666666665	2.75	1.75	8.75	4.25	1.75	1.75	2.0
C[T>A]C	3.5	72.25	20.0	2.5	2.6666666666666665	4.25	2.25	77.5	27.25	2.0	4.75	2.0
C[T>A]G	2.0	21.25	8.25	1.5	2.3333333333333335	3.25	2.5	22.25	7.5	3.25	3.5	2.25
C[T>A]T	3.25	59.75	69.5	1.75	3.3333333333333335	2.25	2.5	75.25	127.0	3.75	2.75	1.5
C[T>C]A	4.25	24.25	16.5	2.5	2.3333333333333335	11.0	3.0	35.75	16.0	2.5	3.25	3.75
C[T>C]C	3.0	144.75	64.25	2.75	4.666666666666667	7.75	4.5	171.25	98.75	3.75	4.75	1.75
C[T>C]G	4.25	60.5	50.75	3.75	2.6666666666666665	15.25	6.0	74.25	54.5	4.25	5.0	3.25
C[T>C]T	5.25	194.25	286.5	3.0	4.0	11.75	5.75	198.0	442.75	4.25	6.75	2.0
C[T>G]A	1.75	18.25	5.25	1.0	1.6666666666666667	1.75	1.5	40.0	4.25	1.5	1.25	1.5
C[T>G]C	3.0	147.5	18.75	1.5	1.6666666666666667	3.5	2.0	193.25	24.0	1.25	2.0	0.75
C[T>G]G	3.75	55.0	10.75	1.5	0.6666666666666666	5.25	2.25	82.0	10.25	3.0	2.0	1.25
C[T>G]T	4.5	627.25	354.0	1.75	9.0	12.5	6.0	750.5	621.5	2.25	4.5	1.75
G[C>A]A	46.75	51.75	58.0	44.75	34.0	53.5	45.25	47.5	57.5	56.5	46.0	43.5
G[C>A]C	13.5	12.0	19.75	11.0	4.666666666666667	11.75	10.25	10.0	8.75	12.25	9.75	10.5
G[C>A]G	2.25	5.25	5.0	2.75	1.3333333333333333	2.5	2.5	2.75	2.75	4.75	3.75	4.0
G[C>A]T	47.25	34.75	44.25	31.5	23.666666666666668	40.5	29.75	27.5	46.5	51.5	35.75	34.25
G[C>G]A	1.5	2.5	3.0	1.5	0.3333333333333333	0.25	2.5	3.75	3.0	2.75	1.5	1.25
G[C>G]C	1.25	4.25	2.0	0.75	3.3333333333333335	0.5	0.5	5.0	2.5	2.0	3.5	1.25
G[C>G]G	0.75	1.0	1.0	0.25	0.3333333333333333	0.5	0.0	0.75	0.75	0.25	0.25	0.75
G[C>G]T	2.5	5.25	2.25	2.5	0.6666666666666666	1.5	4.0	5.0	3.0	2.0	2.5	1.25
G[C>T]A	6.5	6.25	7.0	20.75	13.0	18.75	6.5	6.25	6.5	46.0	39.5	34.75
G[C>T]C	5.5	7.5	4.5	9.75	10.666666666666666	7.5	2.5	4.5	5.25	20.25	20.5	13.0
G[C>T]G	2.25	3.5	3.75	1.5	5.333333333333333	5.5	3.0	5.25	3.25	3.75	4.5	3.25
G[C>T]T	5.0	6.5	5.25	7.25	8.666666666666666	6.25	5.5	6.25	5.75	12.25	12.5	7.0
G[T>A]A	2.0	2.0	2.0	1.0	0.6666666666666666	1.25	1.5	3.25	2.75	0.5	0.75	0.75
G[T>A]C	1.25	11.25	7.25	0.75	1.0	1.75	0.75	11.75	10.5	0.75	1.75	1.5
G[T>A]G	1.75	5.5	2.75	1.0	1.0	2.5	1.25	7.0	3.75	2.25	3.0	1.0
G[T>A]T	1.25	19.0	18.75	2.25	1.0	3.0	1.5	25.25	29.0	2.5	1.5	0.5
G[T>C]A	1.0	8.5	6.75	2.75	3.6666666666666665	4.0	2.75	12.5	7.5	3.25	4.5	3.75
G[T>C]C	1.25	24.25	21.75	1.25	3.3333333333333335	2.75	3.0	32.25	22.0	3.25	2.25	1.0
G[T>C]G	6.25	18.0	17.75	2.0	4.333333333333333	5.0	5.0	20.0	20.5	4.5	6.75	3.75
G[T>C]T	1.75	24.75	32.5	4.25	2.0	3.0	3.0	27.75	55.5	4.0	4.25	3.25
G[T>G]A	1.25	4.0	2.0	0.75	2.0	1.25	0.5	6.0	2.0	1.25	2.0	1.0
G[T>G]C	0.0	28.0	3.0	0.75	0.3333333333333333	1.0	1.25	39.0	9.5	0.5	1.0	1.5
G[T>G]G	2.0	13.25	6.25	1.75	1.6666666666666667	3.0	2.5	27.25	5.25	3.0	1.25	1.0
G[T>G]T	2.75	209.5	93.0	2.0	3.3333333333333335	5.0	4.5	223.0	155.75	2.0	3.25	1.75
T[C>A]A	30.25	33.0	30.5	21.5	25.333333333333332	27.75	26.0	26.5	32.0	30.25	33.5	26.5
T[C>A]C	16.5	18.25	15.25	11.0	12.0	9.0	13.5	17.25	20.5	19.0	16.75	8.5
T[C>A]G	6.0	3.25	2.75	2.75	2.3333333333333335	2.75	3.0	2.5	3.0	3.0	3.5	2.25
T[C>A]T	55.5	56.25	53.25	36.75	28.666666666666668	53.25	39.5	49.5	63.0	58.5	52.25	35.75
T[C>G]A	4.0	7.75	6.5	2.75	5.0	3.0	3.5	5.75	7.5	3.0	5.25	2.0
T[C>G]C	3.25	5.5	6.25	3.0	1.6666666666666667	2.5	2.5	3.75	2.0	2.75	2.0	1.75
T[C>G]G	1.5	0.25	0.75	0.0	0.0	0.5	0.25	1.5	0.25	0.75	1.5	0.0
T[C>G]T	7.5	18.5	12.0	4.5	6.333333333333333	3.75	6.5	20.5	11.25	5.5	12.75	3.25
T[C>T]A	8.75	12.0	8.75	25.5	25.666666666666668	35.75	8.0	11.25	10.25	36.5	43.0	29.5
T[C>T]C	7.0	14.0	6.0	19.0	24.333333333333332	21.25	5.5	11.75	5.25	26.25	32.25	17.75
T[C>T]G	2.0	3.75	2.5	2.75	6.333333333333333	1.75	1.5	4.75	3.5	5.75	5.5	2.5
T[C>T]T	9.5	9.75	10.5	19.0	25.0	22.75	6.5	10.0	6.75	23.5	35.5	15.0
T[T>A]A	7.0	14.25	9.75	6.0	11.0	8.0	5.75	10.5	8.5	6.75	7.0	4.25
T[T>A]C	2.0	5.5	8.75	2.0	4.333333333333333	5.0	1.75	4.75	7.25	2.75	3.5	2.5
T[T>A]G	3.5	3.75	4.25	2.5	2.6666666666666665	4.0	2.25	3.5	4.5	3.25	3.5	2.0
T[T>A]T	6.5	13.0	25.0	4.25	6.0	11.0	5.25	16.0	27.0	5.5	9.0	8.0
T[T>C]A	7.25	9.5	16.0	5.5	9.0	12.5	6.25	8.0	22.25	3.5	10.25	7.25
T[T>C]C	6.0	7.5	16.25	4.5	9.333333333333334	12.75	3.75	10.0	20.25	3.0	5.0	4.75
T[T>C]G	9.75	10.0	17.25	4.5	6.0	15.5	11.25	11.0	17.75	5.75	10.75	3.5
T[T>C]T	7.5	15.5	30.0	5.25	4.666666666666667	13.0	8.25	17.25	38.0	5.75	7.75	7.5
T[T>G]A	2.5	6.75	9.0	1.5	4.333333333333333	7.75	3.75	5.5	7.5	3.25	6.5	3.0
T[T>G]C	1.5	8.5	10.75	1.0	8.0	6.75	2.5	13.0	13.75	1.75	4.5	1.25
T[T>G]G	6.5	6.0	8.5	3.0	4.0	5.75	3.75	3.5	9.75	3.5	4.25	3.0
T[T>G]T	12.75	72.25	92.75	7.5	17.0	33.75	5.25	127.75	120.5	5.5	11.5	7.25
